-- MariaDB dump 10.19  Distrib 10.5.15-MariaDB, for Linux (x86_64)
--
-- Host: 172.18.0.2    Database: project92
-- ------------------------------------------------------
-- Server version	10.7.3-MariaDB-1:10.7.3+maria~focal

/*!40101 SET @OLD_CHARACTER_SET_CLIENT=@@CHARACTER_SET_CLIENT */;
/*!40101 SET @OLD_CHARACTER_SET_RESULTS=@@CHARACTER_SET_RESULTS */;
/*!40101 SET @OLD_COLLATION_CONNECTION=@@COLLATION_CONNECTION */;
/*!40101 SET NAMES utf8mb4 */;
/*!40103 SET @OLD_TIME_ZONE=@@TIME_ZONE */;
/*!40103 SET TIME_ZONE='+00:00' */;
/*!40014 SET @OLD_FOREIGN_KEY_CHECKS=@@FOREIGN_KEY_CHECKS, FOREIGN_KEY_CHECKS=0 */;
/*!40101 SET @OLD_SQL_MODE=@@SQL_MODE, SQL_MODE='NO_AUTO_VALUE_ON_ZERO' */;
/*!40111 SET @OLD_SQL_NOTES=@@SQL_NOTES, SQL_NOTES=0 */;

--
-- Current Database: `project92`
--

USE `project92`;

--
-- Dumping data for table `Company`
--

LOCK TABLES `Company` WRITE;
/*!40000 ALTER TABLE `Company` DISABLE KEYS */;
INSERT INTO `Company` VALUES (1,10000.00);
/*!40000 ALTER TABLE `Company` ENABLE KEYS */;
UNLOCK TABLES;

--
-- Dumping data for table `Ergo`
--

LOCK TABLES `Ergo` WRITE;
/*!40000 ALTER TABLE `Ergo` DISABLE KEYS */;
INSERT INTO `Ergo` VALUES (1,'Bride of Buster','Robust discrete instruction set','2022-05-30','2024-02-23',2,7813954.00,1,94,4,34),(2,'Mad Hatter','Balanced 3rdgeneration artificial intelligence','2021-06-05','2023-01-31',2,7571699.00,1,73,12,83),(3,'Romeo','Polarized clear-thinking approach','2020-08-25','2023-09-02',3,2999482.00,1,96,27,30),(4,'Pure Panther','Vision-oriented upward-trending focus group','2020-10-04','2022-04-11',2,1037951.00,1,44,18,83),(5,'Cinnamon','Enhanced asymmetric throughput','2020-07-24','2021-09-03',1,264331.00,1,20,1,6),(6,'Odyssey','Organized modular architecture','2020-11-11','2022-11-04',2,6614998.00,1,14,10,78),(7,'Bladerunner','Reverse-engineered methodical function','2021-11-06','2023-01-10',2,1707226.00,1,95,30,68),(8,'Cold Fusion','Organized demand-driven approach','2021-01-07','2023-05-15',2,5787706.00,1,92,11,96),(9,'Cherrystone','Extended multimedia algorithm','2022-02-09','2023-03-07',1,3860343.00,1,43,2,57),(10,'Excalibur','Multi-channeled uniform interface','2019-09-23','2022-04-16',3,992144.00,1,98,13,97),(11,'Mango','Advanced content-based circuit','2021-06-21','2023-05-16',2,5904040.00,1,7,1,77),(12,'Phoenix','Exclusive analyzing website','2020-11-22','2021-12-18',1,1488703.00,1,44,22,60),(13,'DejaVu','Persistent interactive time-frame','2021-05-15','2023-04-24',2,2820176.00,1,18,24,81),(14,'Crusader','Diverse incremental capability','2022-03-18','2023-11-17',1,6646784.00,1,42,20,90),(15,'Liberation','Vision-oriented responsive flexibility','2022-10-28','2024-03-06',2,2224627.00,1,84,21,61),(16,'Bigfoot','Optional secondary archive','2020-05-13','2023-08-05',3,8452634.00,1,88,25,3),(17,'Lemon Drops','Automated bifurcated access','2021-05-09','2024-04-10',3,9261999.00,1,37,22,70),(18,'Fireball','Digitized interactive superstructure','2020-01-25','2022-12-28',2,3839625.00,1,22,2,22),(19,'Longhorns','Triple-buffered object-oriented matrix','2021-11-04','2023-03-25',2,5715778.00,1,95,28,18),(20,'Yosemite','Focused zero-defect info-mediaries','2019-10-25','2023-06-03',4,7978865.00,1,63,23,1),(21,'KingFish','Programmable explicit analyzer','2020-06-08','2023-02-08',3,8304490.00,1,90,4,81),(22,'Pink Ladies','Adaptive web-enabled hierarchy','2020-01-09','2022-10-27',2,9953584.00,1,38,30,33),(23,'Omega','Optional high-level focus group','2019-06-21','2020-07-08',1,3174918.00,1,60,9,48),(24,'Early First','Diverse non-volatile matrices','2020-11-29','2022-09-26',2,2035047.00,1,15,8,35),(25,'Sunburst','Expanded intangible methodology','2020-05-08','2022-12-18',2,5316226.00,1,78,12,86),(26,'Colossus','Managed 6thgeneration system engine','2021-05-18','2023-11-26',2,1850588.00,1,77,19,47),(27,'Tribe','Public-key grid-enabled circuit','2019-07-18','2020-12-02',1,1039308.00,1,73,28,5),(28,'Einstein','Virtual asymmetric open architecture','2023-03-22','2024-05-03',1,5533099.00,1,16,11,77),(29,'Fester','Organic background capacity','2021-07-20','2024-04-02',3,4267706.00,1,19,12,31),(30,'Mustangs','Adaptive system-worthy interface','2020-10-04','2024-03-30',4,2234831.00,1,69,1,89),(31,'Python','Synergistic regional neural-net','2021-02-22','2024-05-16',3,6148580.00,1,83,16,18),(32,'Bongo','Seamless mobile definition','2020-10-06','2024-03-10',4,121417.00,1,72,20,37),(33,'Sahara','Phased heuristic groupware','2019-06-28','2023-02-19',4,9513411.00,1,14,3,62),(34,'Dangerous Rocks','Multi-layered reciprocal approach','2021-05-12','2024-02-09',3,8411287.00,1,52,29,90),(35,'Royal','Down-sized contextually-based function','2020-08-14','2024-01-30',4,3707224.00,1,40,1,66),(36,'Torpedo','Universal zero tolerance installation','2021-01-13','2023-09-08',2,8097079.00,1,48,22,35),(37,'Whistler','Visionary regional data-warehouse','2019-11-23','2021-08-30',2,3314896.00,1,60,20,74),(38,'Peacocks','Future-proofed multi-state leverage','2020-06-17','2023-01-25',3,364034.00,1,43,13,52),(39,'Westerners','Assimilated motivating open system','2020-09-18','2023-10-06',3,8460248.00,1,95,9,2),(40,'Yoda','Phased systematic model','2020-01-09','2022-07-19',2,660051.00,1,75,21,65),(41,'Hidden Hook','Secured homogeneous synergy','2020-07-24','2023-09-27',3,6587493.00,1,20,4,66),(42,'Liquid Sky','Integrated content-based application','2021-07-14','2023-03-18',2,7521357.00,1,14,14,70),(43,'Topaz','Self-enabling composite synergy','2021-08-23','2024-03-21',3,5902626.00,1,1,27,31),(44,'Mountaineers','De-engineered static complexity','2021-01-17','2024-04-27',3,4800437.00,1,77,22,32),(45,'Ivory','Proactive national capacity','2021-02-12','2023-10-04',2,8114546.00,1,28,18,20),(46,'Atlantis','Visionary multimedia open architecture','2020-06-11','2023-01-19',3,9083971.00,1,36,16,79),(47,'Vikings','Customizable reciprocal open system','2020-10-15','2023-04-07',3,2147588.00,1,100,23,3),(48,'Orion','Persistent analyzing benchmark','2021-05-05','2023-10-12',2,671617.00,1,51,1,49),(49,'Zeus','Right-sized national approach','2020-04-25','2023-03-04',3,6486099.00,1,63,24,10),(50,'Voyager','User-friendly disintermediate paradigm','2020-09-21','2021-11-30',1,8870636.00,1,68,16,27),(51,'Mercury','Fully-configurable reciprocal array','2021-05-24','2023-11-22',2,7972860.00,1,55,21,68),(52,'Orange Dots','Vision-oriented discrete support','2021-01-07','2023-12-03',2,698970.00,1,45,9,18),(53,'Colusa','Cloned system-worthy budgetary management','2020-09-19','2022-06-30',2,5555949.00,1,21,12,16),(54,'Xena','Managed eco-centric portal','2020-11-08','2022-06-16',2,4104504.00,1,62,27,38),(55,'Striped Foxes','Total didactic groupware','2021-04-16','2022-05-26',1,3445338.00,1,35,25,42),(56,'Kanga','Synchronized exuding Internet solution','2019-09-14','2022-01-19',3,6780057.00,1,60,20,99),(57,'Prelude','Synergistic tangible productivity','2020-08-31','2022-05-13',2,4655356.00,1,52,19,95),(58,'Casanova','Adaptive background encryption','2020-11-25','2023-03-30',3,6697080.00,1,91,9,36),(59,'Barcelona','Ergonomic composite flexibility','2021-03-25','2023-01-12',2,2235812.00,1,65,17,45),(60,'Dessert Storm','Assimilated 24hour encryption','2021-10-22','2024-01-16',3,7066124.00,1,45,2,81),(61,'Firetruck','Re-contextualized asynchronous groupware','2021-11-14','2023-09-29',2,7935450.00,1,72,13,67),(62,'Firestorm','Quality-focused empowering projection','2021-06-01','2023-07-06',2,4770480.00,1,66,25,10),(63,'Gold Star','Cross-group neutral protocol','2021-10-14','2023-05-29',2,7346769.00,1,83,5,60),(64,'Barney','Operative empowering standardization','2020-11-04','2023-09-28',3,651139.00,1,52,5,79),(65,'Nautilus','Self-enabling optimal adapter','2021-03-12','2022-09-30',1,6479967.00,1,5,21,97),(66,'Riviera','User-centric background groupware','2019-09-08','2020-09-23',1,2753439.00,1,10,8,55),(67,'Project X','Persistent executive hardware','2021-02-03','2024-06-02',3,6435211.00,1,87,27,25),(68,'Kingsmen','Function-based reciprocal hub','2020-07-18','2022-05-18',2,9217395.00,1,91,18,37),(69,'Gray Panthers','Seamless intangible open architecture','2021-08-22','2024-01-22',3,4008508.00,1,64,5,41),(70,'Cyclone','Triple-buffered asynchronous approach','2020-10-15','2023-05-03',3,2484996.00,1,16,20,84),(71,'Timberwolves','Universal 24hour standardization','2022-04-08','2023-10-01',1,1823437.00,1,59,26,73),(72,'Massive Monkey','Persevering maximized standardization','2020-12-14','2023-04-22',3,5763284.00,1,48,10,4),(73,'Lobster','Horizontal mobile policy','2020-10-28','2023-07-09',3,5202217.00,1,7,25,1),(74,'Disco Ninjas','Multi-lateral multi-state challenge','2021-08-16','2023-03-11',2,5888663.00,1,35,6,95),(75,'Canary','Progressive multimedia toolset','2022-10-10','2024-02-04',2,6374903.00,1,35,21,11),(76,'Quadro','Operative grid-enabled pricing structure','2021-04-06','2023-10-28',2,9390362.00,1,12,11,78),(77,'Weekend Warriors','Future-proofed demand-driven initiative','2021-03-24','2022-10-18',1,7556419.00,1,35,6,88),(78,'Bender','Fundamental full-range encoding','2022-02-21','2023-10-13',1,6410127.00,1,28,14,98),(79,'Pluto','Synergized tangible open system','2021-09-09','2024-01-30',3,5584126.00,1,97,1,70),(80,'Jaguar','Visionary interactive throughput','2019-09-25','2023-03-13',4,6304007.00,1,100,30,73),(81,'Apollo','Proactive even-keeled neural-net','2020-10-07','2022-07-11',2,5685180.00,1,96,18,38),(82,'Soul Spartans','De-engineered client-driven time-frame','2021-02-16','2023-08-29',2,861040.00,1,78,3,98),(83,'Antique','Focused explicit capability','2020-07-10','2024-02-19',4,1275170.00,1,77,10,10),(84,'Diesel','Face-to-face reciprocal product','2020-04-05','2021-10-04',1,5651298.00,1,64,19,59),(85,'Eagle','Reduced multi-tasking flexibility','2021-07-28','2024-04-11',3,7316278.00,1,5,10,14),(86,'Fusion','Managed even-keeled protocol','2022-08-17','2024-03-12',2,5339039.00,1,25,18,26),(87,'Flamingo','Fundamental tangible interface','2020-08-16','2023-11-21',3,6525748.00,1,41,23,41),(88,'Rampage','Programmable zero administration support','2019-12-07','2022-09-13',3,5230261.00,1,13,9,45),(89,'Lorax','Re-contextualized multimedia firmware','2021-05-27','2023-10-11',2,4559092.00,1,27,20,5),(90,'Astro','Ameliorated demand-driven frame','2019-07-14','2022-10-28',3,4025489.00,1,65,23,55),(91,'Gemini','Extended systematic encoding','2020-06-14','2022-08-01',2,5224933.00,1,37,11,3),(92,'Hornets','Visionary tangible flexibility','2022-05-09','2023-07-20',1,7631131.00,1,41,16,58),(93,'Elixir','Ergonomic solution-oriented hardware','2021-01-25','2023-11-12',2,7546456.00,1,20,4,28),(94,'Zulu','Enterprise-wide 5thgeneration ability','2021-06-04','2023-06-19',2,6299003.00,1,47,7,74),(95,'Honeycomb','Inverse upward-trending Local Area Network','2021-04-21','2023-05-30',2,4417071.00,1,63,4,69),(96,'Maroon','Public-key full-range moderator','2021-02-01','2023-11-23',2,9390700.00,1,73,18,66),(97,'Cheerio','Customizable 5thgeneration application','2021-02-02','2022-12-15',1,9812380.00,1,96,30,56),(98,'Charming Chicks','Multi-lateral multi-tasking alliance','2020-06-23','2023-03-18',3,8907120.00,1,39,3,31),(99,'Firefly','Enterprise-wide attitude-oriented function','2019-10-20','2021-05-03',2,6448478.00,1,21,19,39),(100,'Sea Lions','Fundamental needs-based hub','2020-05-28','2022-10-16',2,7117992.00,1,88,28,93),(101,'Hercules','Enhanced composite Graphic Interface','2022-02-07','2023-04-24',1,2949657.00,1,35,27,20),(102,'Roadrunner','Focused user-facing conglomeration','2021-09-01','2024-04-15',3,844328.00,1,49,8,14),(103,'Pink Dragons','Enterprise-wide incremental monitoring','2021-08-25','2024-03-25',3,5594029.00,1,79,14,82),(104,'Revolution','Innovative holistic database','2020-08-14','2023-05-15',3,9715552.00,1,85,1,58),(105,'Zircon','Mandatory coherent open system','2020-09-28','2023-12-04',3,5042101.00,1,14,7,86),(106,'Stratos','Versatile exuding system engine','2020-04-08','2021-10-09',1,8707573.00,1,95,20,84),(107,'Kodiak','Distributed hybrid parallelism','2020-06-04','2024-02-05',4,4969257.00,1,58,2,5),(108,'Bullwinkle','Right-sized responsive circuit','2020-06-16','2023-04-09',3,1146407.00,1,92,19,15),(109,'Barracuda','Fully-configurable context-sensitive open system','2022-12-05','2024-02-09',2,5541635.00,1,88,27,72),(110,'Yellow Moose','Assimilated multi-state ability','2020-11-08','2023-07-10',3,9059340.00,1,69,29,50),(111,'Darwin','Digitized 6thgeneration challenge','2020-12-24','2022-08-10',2,1371271.00,1,3,18,59),(112,'The Bomb Squad','Integrated 4thgeneration pricing structure','2020-12-24','2024-01-29',4,8936542.00,1,59,4,15),(113,'Matadors','Switchable high-level parallelism','2020-12-03','2023-03-17',3,2626673.00,1,54,23,36),(114,'Elmer','Diverse 5thgeneration approach','2022-02-11','2023-11-30',1,7148889.00,1,74,24,44),(115,'Quicksilver','Visionary fresh-thinking functionalities','2021-09-12','2022-10-05',1,2340700.00,1,75,20,92),(116,'Dagwood','Upgradable dedicated encryption','2022-08-20','2024-05-05',2,4510730.00,1,87,19,66),(117,'Disco Divas','Ergonomic methodical moderator','2021-08-23','2022-12-02',1,222807.00,1,21,15,1),(118,'Sunergy','Open-source optimal matrix','2020-12-26','2022-05-20',2,8419878.00,1,2,12,10),(119,'Cauldron','Persistent asynchronous array','2020-02-23','2022-04-22',2,4296744.00,1,54,9,4),(120,'Cowbelles','Enhanced neutral knowledgebase','2020-09-28','2021-10-24',1,593610.00,1,7,21,51),(121,'Echo Lake','Re-contextualized tertiary intranet','2021-12-08','2023-06-20',2,9054956.00,1,70,9,95),(122,'Metro','Assimilated homogeneous throughput','2020-11-10','2022-09-22',2,8797037.00,1,9,9,87),(123,'Horned Frogs','Advanced composite encryption','2020-10-08','2021-10-31',1,1442382.00,1,74,8,25),(124,'Constantine','Customer-focused tertiary policy','2021-01-21','2024-04-13',3,8609910.00,1,35,30,89),(125,'Deepmind','Implemented local capacity','2020-05-26','2022-03-26',2,7745750.00,1,8,7,67),(126,'Durango','Focused leadingedge utilization','2022-09-04','2023-12-05',1,4182282.00,1,95,4,12),(127,'Sirius','Sharable incremental approach','2022-08-26','2023-09-14',1,3289470.00,1,78,15,29),(128,'Vipers','Cross-group mission-critical analyzer','2021-02-21','2022-10-23',1,6987389.00,1,29,1,22),(129,'White Feather','Progressive bi-directional initiative','2023-03-26','2024-04-17',1,6796005.00,1,40,1,79),(130,'Balto','Right-sized upward-trending neural-net','2020-02-03','2021-08-12',1,9694975.00,1,16,13,66),(131,'Seawolves','Assimilated client-driven open architecture','2019-07-12','2020-08-31',1,3593208.00,1,75,5,89),(132,'Caveman Lawyers','Intuitive incremental software','2020-07-21','2024-03-14',4,7096409.00,1,99,17,9),(133,'Duracell','Public-key heuristic workforce','2022-06-10','2024-03-17',2,4302323.00,1,64,15,17),(134,'Pharoahs','Optimized uniform middleware','2021-09-26','2023-01-08',2,7408975.00,1,14,3,89),(135,'Edison','Phased responsive flexibility','2019-10-15','2022-04-25',3,1454538.00,1,3,18,99),(136,'Aurora','Open-architected executive artificial intelligence','2021-07-03','2022-12-01',1,3544038.00,1,27,14,36),(137,'Nitro','Assimilated local process improvement','2019-06-17','2020-07-24',1,6148613.00,1,76,17,17),(138,'Husky Cat','Persevering needs-based projection','2022-01-10','2023-10-31',1,2538019.00,1,94,8,47),(139,'Bigfish','Extended empowering Graphic Interface','2020-07-08','2023-04-26',3,3376125.00,1,54,26,74),(140,'Sultans of Sales','User-friendly tangible throughput','2021-03-06','2023-03-11',2,5239174.00,1,27,19,51),(141,'Red Butter','Programmable solution-oriented orchestration','2022-10-22','2024-02-16',2,8354860.00,1,24,11,52),(142,'Golden Bulls','Intuitive zero tolerance core','2021-01-08','2022-08-09',1,320088.00,1,3,10,11),(143,'Blue Moon','Distributed incremental instruction set','2021-02-09','2022-05-10',1,8512281.00,1,60,13,3),(144,'Jupiter','Function-based methodical workforce','2021-10-15','2023-11-03',2,5668572.00,1,40,14,84),(145,'Jonah','Customizable next generation open system','2022-02-18','2024-03-30',2,1563675.00,1,44,17,63),(146,'Galactica','Proactive multi-tasking framework','2020-09-15','2022-06-22',2,1027639.00,1,49,6,54),(147,'Sputnik','Distributed full-range budgetary management','2019-12-23','2023-03-17',4,6450606.00,1,95,20,68),(148,'Rhinestone','Realigned 4thgeneration paradigm','2021-04-10','2023-08-22',2,4444844.00,1,36,21,24),(149,'Yaeger','Stand-alone attitude-oriented core','2021-12-08','2023-03-01',2,6322669.00,1,57,25,95),(150,'Green Jade','Stand-alone maximized success','2021-12-30','2024-03-10',3,836018.00,1,32,5,82),(151,'Poseidon','Devolved full-range process improvement','2020-07-28','2023-04-05',3,3130723.00,1,75,13,16),(152,'Skyhawks','Operative zero tolerance paradigm','2022-01-28','2024-03-06',2,9094832.00,1,70,13,10),(153,'Batman','Vision-oriented transitional matrix','2021-07-09','2024-03-15',3,7721677.00,1,22,22,79),(154,'The Violent Storms','Reactive cohesive open system','2021-07-05','2024-02-21',3,238786.00,1,61,24,36),(155,'Wide Stringer','Reverse-engineered impactful hub','2020-01-03','2021-05-15',1,655608.00,1,50,22,48),(156,'Cascade','Configurable intangible frame','2021-06-22','2022-09-07',1,9408403.00,1,35,6,31),(157,'Laguna','Realigned dedicated data-warehouse','2019-11-28','2021-09-10',2,8898672.00,1,42,30,10),(158,'Titan','Pre-emptive zero administration capability','2021-04-20','2023-03-13',2,2037695.00,1,36,17,8),(159,'Hades','Fully-configurable incremental strategy','2022-08-04','2023-10-03',1,5426173.00,1,43,18,55),(160,'Bulldozer','Public-key holistic application','2021-01-26','2023-01-03',2,8557965.00,1,51,23,62);
/*!40000 ALTER TABLE `Ergo` ENABLE KEYS */;
UNLOCK TABLES;

--
-- Dumping data for table `Organization`
--

LOCK TABLES `Organization` WRITE;
/*!40000 ALTER TABLE `Organization` DISABLE KEYS */;
INSERT INTO `Organization` VALUES (1,'University of Florida','ΝΒΦΓΘ','Βουτών','450-911','Θεσσαλονίκη','83033',1,NULL,NULL),(2,'University of Mississippi','ΞΦΩΜΤ','Φυλάκης','35','Αλεξανδρούπολη','85669',NULL,1,NULL),(3,'University of Massachusetts Lowell','ΧΔΥΙΙ','Πατσιανού','52','Κοζάνη','81278',1,NULL,NULL),(4,'Michigan State University','ΧΕΕΦΚ','Βιζαρίου','85','Αγ. Νικόλαος','96926',NULL,NULL,1),(5,'Randolph-Macon College','ΖΕΩΦΗ','Αρίας','83','Σέρρες','12691',NULL,1,NULL),(6,'University of Virginia','ΧΦΩΘΡ','Αγίου Σώστου','372','Τρίπολη','27341',NULL,1,NULL),(7,'University of California, Merced','ΧΠΡΑΞ','Μαυρονόρους','39-77','Κομοτηνή','40362',NULL,1,NULL),(8,'University of Illinois at Chicago','ΡΖΣΙΧ','Πάρ. Ράξας','72','Ναύπλιο','90356',NULL,NULL,1),(9,'Virginia Commonwealth University','ΧΩΩΙΨ','Κακοπλευρίου','813-293','Κατερίνη','75518',1,NULL,NULL),(10,'University of North Texas','ΓΥΗΩΘ','Σκουταρίου','55','Αθήνα','43460',1,NULL,NULL),(11,'Yale University','ΠΔΔΣΤ','Πατρικών','60','Έδεσσα','54024',NULL,NULL,1),(12,'Norfolk State University','ΔΩΤΤΗ','Παπαγεωργίου','670','Πύργος','08323',NULL,NULL,1),(13,'University of Calgary','ΑΩΚΘΟ','Σιγρίου','2','Βόλος','24558',NULL,NULL,1),(14,'University of Illinois at Chicago','ΓΗΝΘΦ','Λεωφόρος Έλους','79-82','Αθήνα','78881',NULL,NULL,1),(15,'Mississippi State University','ΑΡΘΑΜ','Καλών Δένδρων','6','Χανιά','67989',1,NULL,NULL),(16,'University of Texas Rio Grande Valley','ΜΑΣΞΣ','Βουναρίων','97-72','Κιλκίς','85970',NULL,1,NULL),(17,'California State University, Chico','ΥΖΤΙΚ','Πλ. Γαλαναίϊκα','425-569','Δράμα','86088',1,NULL,NULL),(18,'Dakota State University','ΠΘΧΒΨ','Λεωφόρος Κατακοίλου','13','Λάρισα','77821',NULL,NULL,1),(19,'University of Wisconsin–Oshkosh','ΕΠΟΝΘ','Βίτολης','521-290','Μεσολόγγι','33633',NULL,1,NULL),(20,'University of Texas Rio Grande Valley','ΤΘΒΗΟ','Μιστεγνών','3','Ξάνθη','27552',1,NULL,NULL),(21,'University of Southern California','ΡΟΡΗΓ','Χριστοδούλου','291-149','Τρίκαλα','32132',NULL,NULL,1),(22,'Florida International University','ΤΞΑΛΙ','Αθικίων','2','Βέροια','98555',NULL,NULL,1),(23,'University of Tennessee','ΘΤΠΟΝ','Ποταμού','1','Ζάκυνθος','03320',NULL,1,NULL),(24,'Missouri University of Science and Technology','ΘΟΓΚΜ','Πάρ. Πέρδικας','507-072','Άμφισσα','79865',1,NULL,NULL),(25,'Montana State University','ΝΒΔΚΓ','Δροσιάς','305','Καρδίτσα','56992',NULL,NULL,1),(26,'Tufts University','ΑΔΓΗΘ','Φραντζή','30','Άρτα','78485',NULL,1,NULL),(27,'Oakland University','ΛΞΘΘΧ','Γκούνη','05','Κατερίνη','03816',1,NULL,NULL),(28,'Randolph-Macon College','ΙΓΦΩΘ','Κουφαλίων','51','Άρτα','87465',1,NULL,NULL),(29,'University of Massachusetts Amherst','ΣΛΑΙΝ','Πλατεία Αληθινής','4','Καστοριά','68744',NULL,1,NULL),(30,'Dakota State University','ΘΚΣΝΣ','Αυλακίου','95','Λαμία','24195',NULL,1,NULL);
/*!40000 ALTER TABLE `Organization` ENABLE KEYS */;
UNLOCK TABLES;

--
-- Dumping data for table `Paradoteo`
--

LOCK TABLES `Paradoteo` WRITE;
/*!40000 ALTER TABLE `Paradoteo` DISABLE KEYS */;
INSERT INTO `Paradoteo` VALUES ('Allosaurus',22,'Cross-platform mission-critical challenge','2022-02-03'),('Amigos',1,'Customizable methodical core','2023-03-13'),('An Evening Affair',30,'Focused intermediate array','2022-03-06'),('Antique',12,'Progressive empowering alliance','2021-10-22'),('Apollo',14,'Synchronized exuding encoding','2022-12-12'),('Apollo',37,'Ergonomic logistical structure','2020-08-29'),('Apollo',89,'Adaptive national application','2023-04-25'),('Apollo',108,'Networked asymmetric time-frame','2022-08-02'),('Apollo',109,'Enhanced transitional productivity','2023-06-07'),('Apollo',137,'Multi-lateral bifurcated encryption','2020-04-27'),('Atlantis',156,'Virtual 24hour knowledgebase','2021-07-27'),('Batman',26,'Universal demand-driven installation','2022-02-01'),('Batman',46,'Front-line contextually-based info-mediaries','2020-08-07'),('Bay Bridge',38,'Open-source homogeneous orchestration','2020-12-10'),('Bay Bridge',144,'Realigned neutral access','2021-11-15'),('Beacon Planet',8,'Function-based incremental open architecture','2022-11-25'),('Beacon Planet',84,'User-centric 6thgeneration policy','2020-12-25'),('Beacon Sapphire',71,'Re-engineered well-modulated info-mediaries','2023-03-23'),('Bender Project',118,'Networked neutral emulation','2021-01-15'),('Bender Project',130,'Devolved fresh-thinking moderator','2020-05-14'),('Beta Finger',14,'Distributed human-resource parallelism','2022-11-29'),('Beta Finger',33,'Upgradable maximized definition','2019-07-11'),('Beta Finger',89,'Versatile background process improvement','2021-06-07'),('Beta Finger',121,'Fully-configurable 6thgeneration flexibility','2022-11-06'),('Big Husky',46,'Open-architected upward-trending circuit','2022-08-11'),('Big Husky',159,'Versatile mobile ability','2023-05-24'),('Bitter Rhinestone',142,'Synergized motivating Internet solution','2021-12-18'),('Bladerunner',73,'Reduced didactic extranet','2020-11-06'),('Bladerunner',82,'Advanced maximized customer loyalty','2021-07-28'),('Blue Burger',89,'Enhanced web-enabled infrastructure','2023-06-15'),('Bongo',84,'Open-architected dynamic contingency','2020-06-02'),('Boomrenge',79,'Multi-tiered heuristic extranet','2023-05-09'),('Breeze Stormy',107,'Seamless multimedia function','2022-02-24'),('Breeze Stormy',141,'Visionary needs-based workforce','2023-03-06'),('Breeze Stormy',144,'Future-proofed bottom-line matrix','2022-05-03'),('Breeze Strawberry',5,'User-centric zero administration product','2020-10-07'),('Bride of Buster',123,'Team-oriented zero tolerance system engine','2021-04-15'),('Bride of Buster',144,'Automated well-modulated monitoring','2023-04-22'),('BrightWood',133,'Progressive 5thgeneration knowledge user','2022-12-24'),('Build Smart',39,'Triple-buffered object-oriented hardware','2021-08-18'),('Build Smart',158,'Object-based tertiary knowledge user','2023-02-15'),('Caveman Lawyers',27,'Versatile fresh-thinking software','2020-11-16'),('Celestial Interface',87,'Reverse-engineered coherent emulation','2021-04-18'),('Cheerio',10,'Switchable heuristic interface','2021-04-08'),('Cheerio',22,'Profit-focused client-server success','2020-11-29'),('Cheerio',39,'Synergistic client-server adapter','2022-12-23'),('Cold Fusion',133,'Enterprise-wide well-modulated throughput','2022-10-22'),('Colossus',25,'Fully-configurable heuristic projection','2021-01-18'),('Cowbelles',36,'Self-enabling logistical instruction set','2021-10-26'),('Darwin',14,'Quality-focused 3rdgeneration groupware','2023-03-17'),('Darwin',22,'Persevering intermediate help-desk','2020-12-16'),('Darwin',117,'Balanced holistic extranet','2021-09-19'),('Debug Entity',138,'Adaptive demand-driven moratorium','2022-08-18'),('Dirty Test',118,'Fully-configurable coherent contingency','2022-04-15'),('Duraflame',8,'Grass-roots human-resource moderator','2021-07-26'),('Durango',47,'Object-based contextually-based monitoring','2022-12-09'),('Eagle Wink',132,'Total context-sensitive emulation','2020-10-16'),('Eagle Wink',160,'Public-key interactive data-warehouse','2021-06-27'),('Einstein',108,'Cross-platform upward-trending matrices','2022-02-19'),('Einstein',140,'Centralized disintermediate customer loyalty','2022-11-04'),('Epic Touch',41,'Devolved empowering budgetary management','2023-05-11'),('EverLast',108,'Universal analyzing productivity','2021-09-25'),('Excalibur',137,'Integrated attitude-oriented ability','2019-11-26'),('Fireball',84,'Up-sized dedicated alliance','2021-09-29'),('Fireball',135,'Diverse bottom-line matrices','2020-10-27'),('Fireball',159,'Customer-focused coherent success','2023-02-01'),('Firestorm',39,'Customer-focused discrete Local Area Network','2023-07-15'),('Firestorm',68,'Right-sized tertiary process improvement','2020-10-27'),('Flyers',68,'Switchable even-keeled installation','2021-06-04'),('Flyers',97,'Fully-configurable neutral archive','2021-06-09'),('Foster',26,'Ergonomic bifurcated policy','2021-05-21'),('FreshMove',133,'Fundamental upward-trending Graphical User Interface','2023-07-18'),('Frostbite',92,'User-centric maximized application','2022-07-05'),('Gamma Orange',49,'Inverse 6thgeneration benchmark','2020-10-24'),('Gold Star',65,'Object-based full-range moderator','2021-07-26'),('GoodTrace',66,'Secured maximized flexibility','2019-10-22'),('GoodTrace',104,'Polarized eco-centric function','2021-11-09'),('Graphon',75,'Advanced contextually-based conglomeration','2023-12-20'),('Great Leadership',91,'Persistent bifurcated forecast','2021-12-03'),('HappyClub',129,'Sharable bifurcated policy','2023-08-27'),('hashtag',41,'Realigned logistical model','2022-06-28'),('Himalaya Fly',37,'Customizable optimizing analyzer','2021-02-03'),('Himalaya Fly',71,'Fully-configurable client-driven archive','2023-08-05'),('Himalaya Fly',123,'Adaptive logistical interface','2020-10-17'),('Honeycomb',21,'Open-architected explicit capacity','2022-07-14'),('Honeycomb',117,'Pre-emptive intangible artificial intelligence','2022-09-16'),('HopeStone',10,'Adaptive exuding policy','2019-11-11'),('HopeStone',75,'Total optimal utilization','2024-01-31'),('Hornets',16,'Compatible optimal installation','2022-01-26'),('Husky Cat',21,'Cross-platform static middleware','2022-10-31'),('Illumina Sky',10,'Decentralized next generation projection','2020-12-30'),('Illumina Sky',125,'Adaptive full-range hierarchy','2022-01-11'),('Illumino Eye',92,'Ameliorated global utilization','2022-11-20'),('Illumino Eye',93,'Public-key dynamic archive','2021-11-24'),('Impact Training',132,'Advanced zero-defect focus group','2024-01-31'),('Insane hammer',16,'Multi-lateral hybrid neural-net','2022-08-08'),('Insane hammer',133,'Reactive human-resource capability','2023-01-22'),('Insane Venom',69,'Profit-focused bandwidth-monitored neural-net','2022-05-03'),('Ivory Autopsy',30,'Compatible foreground budgetary management','2021-08-11'),('Jupiter',157,'Networked system-worthy functionalities','2020-04-23'),('Jupiter Black',49,'Proactive disintermediate data-warehouse','2021-06-21'),('Just Jade',108,'Devolved attitude-oriented concept','2021-11-28'),('Kanga',115,'Down-sized multi-tasking moderator','2022-02-03'),('LittleShine',78,'Versatile 5thgeneration moderator','2022-04-10'),('LittleShine',89,'Balanced next generation encoding','2023-09-09'),('Lobster',114,'Enhanced attitude-oriented frame','2022-05-18'),('Lobster Early',106,'Secured high-level portal','2020-06-02'),('Lonely Fox',79,'Grass-roots neutral parallelism','2022-06-04'),('Lonesome',65,'Proactive maximized complexity','2022-09-21'),('Lonesome',129,'Focused web-enabled Local Area Network','2024-02-01'),('maroon',91,'Streamlined dynamic application','2021-10-24'),('Monte Mirage',14,'Inverse optimizing hardware','2023-06-01'),('Monte Mirage',39,'Reduced radical website','2021-10-02'),('Moose Small',71,'Versatile mission-critical pricing structure','2022-09-23'),('Mysteva Berry',132,'Persistent well-modulated capacity','2023-09-22'),('Odyssey',130,'Profit-focused real-time process improvement','2021-02-01'),('Official Pottery',46,'Devolved maximized capability','2022-09-09'),('Olive Moon',123,'Reverse-engineered bi-directional orchestration','2021-02-05'),('Orange Leaders',94,'Centralized didactic complexity','2023-02-23'),('Orange Leaders',97,'Integrated uniform capacity','2021-10-21'),('Osiris',92,'Cross-platform contextually-based approach','2023-02-15'),('Osiris',94,'Upgradable coherent moratorium','2023-05-26'),('Osiris',129,'Reduced hybrid Graphical User Interface','2023-10-28'),('Osiris',156,'Persistent attitude-oriented system engine','2022-01-17'),('Panther Outstanding',73,'Triple-buffered cohesive synergy','2021-10-28'),('Panther Outstanding',109,'Future-proofed zero administration groupware','2023-06-19'),('Passion Chasers',98,'Persevering transitional software','2021-01-10'),('Phoenix',33,'Public-key optimizing core','2020-06-03'),('Phoenix',38,'Advanced analyzing definition','2022-09-06'),('Phoenix',74,'Polarized client-server standardization','2021-12-22'),('Plutonium',145,'Stand-alone discrete moratorium','2023-07-07'),('Pure Panther',60,'Object-based incremental interface','2023-06-20'),('Pure Uranium',95,'Cloned didactic portal','2023-02-28'),('PurpleCow',31,'Synchronized client-driven extranet','2023-03-11'),('PurpleCow',57,'Synergistic explicit archive','2021-11-27'),('Quadro',92,'Ergonomic bi-directional success','2023-03-02'),('Random',5,'Streamlined asynchronous Internet solution','2020-12-14'),('Ranzer',112,'Vision-oriented scalable knowledgebase','2021-06-21'),('Rapid Dirt',6,'Open-source foreground Graphical User Interface','2021-07-28'),('Rapid Dirt',87,'Ergonomic background project','2023-10-21'),('Rapid Dirt',145,'Multi-lateral bi-directional installation','2023-08-06'),('RapidBrite',98,'Up-sized uniform utilization','2022-09-13'),('RapidBrite',146,'Streamlined 3rdgeneration pricing structure','2021-09-08'),('Red Butter',14,'Fundamental neutral project','2022-07-09'),('Red Butter',109,'Intuitive next generation algorithm','2023-05-30'),('Red Butter',141,'Upgradable radical encoding','2023-02-12'),('Riviera',42,'Pre-emptive regional matrix','2022-03-26'),('Riviera',135,'Customer-focused bi-directional circuit','2021-05-12'),('RockStable',160,'Implemented methodical encoding','2021-09-13'),('RuddyRex',104,'Fundamental systematic contingency','2021-04-18'),('School Leadership 2.0',91,'Ergonomic solution-oriented software','2021-08-22'),('ShinyWaves',87,'Focused upward-trending moratorium','2021-12-26'),('ShinyWaves',108,'Business-focused analyzing knowledge user','2020-12-30'),('ShinyWaves',121,'Cross-platform secondary info-mediaries','2022-02-02'),('sienna',26,'Seamless radical database','2023-01-10'),('sienna',118,'Multi-lateral methodical focus group','2021-03-24'),('sienna',125,'Business-focused bi-directional toolset','2021-10-31'),('Skyhawks',104,'Re-engineered 24/7 workforce','2020-09-30'),('Sliding Fist',66,'Phased foreground application','2020-04-24'),('Small Steel',99,'Decentralized composite benchmark','2019-12-08'),('Small Steel',158,'Face-to-face secondary infrastructure','2021-06-16'),('Spectrum Association',31,'Exclusive systematic knowledgebase','2023-10-29'),('StillRocks',49,'Object-based scalable attitude','2021-02-09'),('StillRocks',146,'Decentralized neutral secured line','2022-06-18'),('SugarLady',22,'Optimized exuding infrastructure','2021-08-14'),('SugarLady',28,'Multi-tiered motivating application','2023-04-04'),('SugarLady',36,'Optimized web-enabled array','2021-02-10'),('Sunburst',142,'Reactive foreground Local Area Network','2022-04-05'),('Sunergy',144,'Synergized exuding infrastructure','2023-10-25'),('Switch and Swift',82,'Customizable radical project','2022-10-02'),('Tech Support',137,'Quality-focused coherent pricing structure','2020-03-25'),('The Success',8,'Programmable bifurcated knowledgebase','2021-05-29'),('The Success',28,'Extended logistical projection','2023-06-23'),('The Success',93,'Face-to-face heuristic service-desk','2023-05-16'),('The Violent Storms',30,'User-centric system-worthy time-frame','2021-04-17'),('Third Doorstop',99,'Front-line multi-tasking protocol','2020-05-22'),('Third Doorstop',117,'Organized regional capability','2022-06-15'),('Third Monkey',70,'Enhanced bi-directional open architecture','2022-06-25'),('Town Hall Meeting',111,'Ergonomic cohesive strategy','2022-05-22'),('Town Hall Meeting',155,'Total encompassing adapter','2020-01-27'),('Tungston',132,'Profound eco-centric adapter','2021-07-28'),('Two Scissors',60,'Cloned multi-state intranet','2022-08-25'),('Two Scissors',123,'Mandatory homogeneous definition','2021-01-27'),('Vulture Next',37,'Open-source eco-centric monitoring','2020-10-06'),('Waterbird Itchy',78,'Horizontal bandwidth-monitored conglomeration','2022-03-17'),('Whistler',10,'Progressive hybrid hub','2020-04-11'),('Wide string',99,'Face-to-face tangible flexibility','2021-03-04'),('Wide string',117,'Extended even-keeled data-warehouse','2021-12-28'),('Wide string',139,'Integrated content-based frame','2021-11-30'),('Yellow Moose',27,'Ameliorated client-server contingency','2020-04-10'),('Yellow Moose',130,'Stand-alone multi-tasking attitude','2020-10-26'),('Zenderon',155,'Inverse web-enabled middleware','2021-02-08'),('Zulu',98,'Right-sized homogeneous Internet solution','2020-09-14'),('Zulu',108,'Extended background time-frame','2022-10-27');
/*!40000 ALTER TABLE `Paradoteo` ENABLE KEYS */;
UNLOCK TABLES;

--
-- Dumping data for table `Pedio`
--

LOCK TABLES `Pedio` WRITE;
/*!40000 ALTER TABLE `Pedio` DISABLE KEYS */;
INSERT INTO `Pedio` VALUES ('Acoustics'),('Aeronautics'),('Agronomy'),('Anatomy'),('Anthropology'),('Archaeology'),('Astronomy'),('Astrophysics'),('Bacteriology'),('Biochemistry'),('Biology'),('Botany'),('Cardiology'),('Cartography'),('Chemistry'),('Cosmology'),('Crystallography'),('Ecology'),('Embryology'),('Endocrinology'),('Entomology'),('Enzymology'),('Forestry'),('Gelotology'),('Genetics'),('Geochemistry'),('Geodesy'),('Geography'),('Geology'),('Geophysics'),('Hematology'),('Histology'),('Horology'),('Hydrology'),('Ichthyology'),('Immunology'),('Linguistics'),('Mechanics'),('Medicine'),('Meteorology'),('Metrology'),('Microbiology'),('Mineralogy'),('Mycology'),('Neurology'),('Nucleonics'),('Nutrition'),('Oceanography'),('Oncology'),('Optics'),('Paleontology'),('Pathology'),('Petrology'),('Pharmacology'),('Physics'),('Physiology'),('Psychology'),('Radiology'),('Robotics'),('Seismology'),('Spectroscopy'),('Systematics'),('Thermodynamics'),('Toxicology'),('Virology'),('Volcanology'),('Zoology');
/*!40000 ALTER TABLE `Pedio` ENABLE KEYS */;
UNLOCK TABLES;

--
-- Dumping data for table `PedioRelation`
--

LOCK TABLES `PedioRelation` WRITE;
/*!40000 ALTER TABLE `PedioRelation` DISABLE KEYS */;
INSERT INTO `PedioRelation` VALUES ('Acoustics',3),('Acoustics',9),('Acoustics',38),('Acoustics',53),('Acoustics',92),('Acoustics',95),('Acoustics',113),('Acoustics',151),('Aeronautics',91),('Aeronautics',102),('Aeronautics',129),('Aeronautics',140),('Aeronautics',150),('Aeronautics',156),('Agronomy',11),('Agronomy',12),('Agronomy',56),('Agronomy',62),('Agronomy',88),('Agronomy',114),('Anatomy',23),('Anatomy',61),('Anthropology',7),('Anthropology',24),('Anthropology',70),('Anthropology',110),('Anthropology',121),('Anthropology',144),('Anthropology',157),('Archaeology',64),('Archaeology',66),('Archaeology',89),('Archaeology',138),('Astronomy',26),('Astronomy',33),('Astronomy',132),('Astronomy',135),('Astrophysics',47),('Astrophysics',59),('Astrophysics',87),('Astrophysics',109),('Astrophysics',117),('Astrophysics',127),('Bacteriology',40),('Bacteriology',98),('Bacteriology',108),('Bacteriology',110),('Bacteriology',122),('Bacteriology',130),('Bacteriology',154),('Biochemistry',52),('Biochemistry',58),('Biochemistry',71),('Biochemistry',135),('Biochemistry',139),('Biology',5),('Biology',83),('Biology',99),('Biology',118),('Botany',6),('Botany',37),('Botany',46),('Botany',68),('Botany',116),('Botany',137),('Cardiology',21),('Cardiology',57),('Cardiology',82),('Cardiology',155),('Cartography',8),('Cartography',50),('Cartography',63),('Cartography',72),('Cartography',76),('Cartography',119),('Chemistry',26),('Chemistry',33),('Chemistry',41),('Chemistry',81),('Chemistry',115),('Chemistry',137),('Cosmology',87),('Cosmology',101),('Cosmology',121),('Cosmology',141),('Crystallography',32),('Crystallography',36),('Crystallography',79),('Crystallography',117),('Crystallography',152),('Ecology',14),('Ecology',93),('Embryology',39),('Embryology',52),('Embryology',69),('Embryology',137),('Endocrinology',2),('Endocrinology',13),('Endocrinology',21),('Endocrinology',39),('Endocrinology',66),('Endocrinology',68),('Endocrinology',108),('Endocrinology',147),('Entomology',10),('Entomology',12),('Entomology',17),('Entomology',56),('Entomology',85),('Entomology',90),('Entomology',120),('Entomology',150),('Enzymology',62),('Enzymology',100),('Enzymology',119),('Enzymology',135),('Enzymology',136),('Forestry',3),('Forestry',25),('Forestry',69),('Forestry',79),('Forestry',83),('Forestry',92),('Forestry',94),('Forestry',104),('Forestry',156),('Forestry',158),('Gelotology',1),('Gelotology',38),('Gelotology',44),('Gelotology',57),('Gelotology',94),('Gelotology',125),('Gelotology',127),('Gelotology',129),('Gelotology',157),('Genetics',47),('Genetics',60),('Genetics',138),('Genetics',152),('Geochemistry',8),('Geochemistry',24),('Geochemistry',27),('Geochemistry',46),('Geochemistry',91),('Geochemistry',136),('Geodesy',109),('Geodesy',116),('Geodesy',149),('Geodesy',158),('Geography',26),('Geography',28),('Geography',46),('Geology',21),('Geology',22),('Geology',25),('Geology',42),('Geology',60),('Geology',107),('Geology',113),('Geology',116),('Geophysics',25),('Geophysics',59),('Geophysics',67),('Geophysics',84),('Geophysics',122),('Geophysics',142),('Hematology',29),('Hematology',51),('Histology',7),('Histology',85),('Histology',149),('Horology',41),('Horology',52),('Horology',55),('Horology',102),('Horology',111),('Horology',136),('Hydrology',29),('Hydrology',40),('Hydrology',45),('Hydrology',61),('Hydrology',96),('Hydrology',115),('Hydrology',153),('Ichthyology',78),('Ichthyology',106),('Ichthyology',108),('Immunology',58),('Immunology',68),('Immunology',84),('Immunology',103),('Immunology',112),('Immunology',117),('Linguistics',5),('Linguistics',17),('Linguistics',72),('Linguistics',106),('Linguistics',134),('Mechanics',3),('Mechanics',37),('Mechanics',40),('Mechanics',104),('Medicine',19),('Medicine',30),('Medicine',49),('Medicine',148),('Meteorology',22),('Meteorology',29),('Meteorology',41),('Meteorology',43),('Meteorology',59),('Meteorology',73),('Meteorology',88),('Meteorology',109),('Meteorology',126),('Meteorology',159),('Meteorology',160),('Metrology',10),('Metrology',32),('Metrology',81),('Metrology',83),('Metrology',103),('Metrology',124),('Microbiology',28),('Microbiology',74),('Microbiology',111),('Microbiology',160),('Mineralogy',13),('Mineralogy',35),('Mineralogy',36),('Mineralogy',124),('Mineralogy',152),('Mineralogy',155),('Mycology',4),('Mycology',50),('Mycology',134),('Mycology',143),('Mycology',147),('Neurology',21),('Neurology',79),('Neurology',93),('Neurology',153),('Neurology',159),('Nucleonics',14),('Nucleonics',66),('Nucleonics',75),('Nucleonics',82),('Nucleonics',90),('Nucleonics',91),('Nucleonics',105),('Nucleonics',128),('Nucleonics',147),('Nutrition',42),('Nutrition',77),('Nutrition',99),('Nutrition',111),('Nutrition',123),('Nutrition',131),('Nutrition',146),('Oceanography',13),('Oceanography',24),('Oceanography',99),('Oceanography',134),('Oncology',30),('Oncology',40),('Oncology',101),('Oncology',114),('Oncology',123),('Optics',38),('Optics',54),('Optics',58),('Optics',95),('Optics',143),('Optics',144),('Paleontology',69),('Paleontology',71),('Paleontology',133),('Pathology',19),('Petrology',12),('Petrology',15),('Petrology',27),('Petrology',34),('Petrology',36),('Petrology',105),('Petrology',135),('Pharmacology',6),('Pharmacology',31),('Pharmacology',61),('Pharmacology',65),('Pharmacology',87),('Pharmacology',114),('Pharmacology',128),('Pharmacology',147),('Physics',14),('Physics',18),('Physics',20),('Physics',37),('Physics',53),('Physics',105),('Physics',151),('Physiology',65),('Physiology',80),('Physiology',86),('Psychology',6),('Psychology',11),('Psychology',22),('Psychology',69),('Psychology',118),('Psychology',146),('Radiology',15),('Radiology',33),('Radiology',118),('Robotics',18),('Robotics',91),('Robotics',93),('Robotics',133),('Robotics',141),('Seismology',16),('Seismology',46),('Seismology',82),('Seismology',100),('Spectroscopy',1),('Spectroscopy',33),('Spectroscopy',73),('Spectroscopy',128),('Spectroscopy',143),('Systematics',16),('Systematics',41),('Systematics',58),('Systematics',90),('Thermodynamics',7),('Thermodynamics',38),('Thermodynamics',56),('Thermodynamics',121),('Toxicology',27),('Toxicology',70),('Toxicology',88),('Toxicology',121),('Toxicology',130),('Virology',78),('Virology',102),('Volcanology',9),('Volcanology',19),('Volcanology',37),('Volcanology',54),('Volcanology',67),('Volcanology',89),('Volcanology',95),('Volcanology',97),('Zoology',9),('Zoology',39),('Zoology',48),('Zoology',145),('Zoology',148);
/*!40000 ALTER TABLE `PedioRelation` ENABLE KEYS */;
UNLOCK TABLES;

--
-- Dumping data for table `Programma`
--

LOCK TABLES `Programma` WRITE;
/*!40000 ALTER TABLE `Programma` DISABLE KEYS */;
INSERT INTO `Programma` VALUES (1,'TestName','TestAddress');
/*!40000 ALTER TABLE `Programma` ENABLE KEYS */;
UNLOCK TABLES;

--
-- Dumping data for table `Research_Center`
--

LOCK TABLES `Research_Center` WRITE;
/*!40000 ALTER TABLE `Research_Center` DISABLE KEYS */;
INSERT INTO `Research_Center` VALUES (1,10000.00,100.00);
/*!40000 ALTER TABLE `Research_Center` ENABLE KEYS */;
UNLOCK TABLES;

--
-- Dumping data for table `Researcher`
--

LOCK TABLES `Researcher` WRITE;
/*!40000 ALTER TABLE `Researcher` DISABLE KEYS */;
INSERT INTO `Researcher` VALUES (1,'Περικλής','Χατζηγεωργίου','Male','1989-08-23'),(2,'Βαρσάμος','Κυπραίος','Male','1989-06-12'),(3,'Αφέντρα','Καραγιάννη','Female','1985-05-14'),(4,'Χρυσάνθη','Κουτσούμπη','Female','1973-09-02'),(5,'Ξανθός-Χριστιάν','Τσαμασλίδης','Male','1994-12-15'),(6,'Λασκαρίνα','Χρυσικάκη','Female','1972-12-27'),(7,'Μαριάνθη','Παναγιώτου','Female','1985-11-16'),(8,'Παύλος','Αδαμόπουλος','Male','1963-04-01'),(9,'Πανορμίτης','Μελιτσόπουλος','Male','1977-09-07'),(10,'Στεργιαννώ-Σπυράννα','Πολατίδου','Female','2003-09-29'),(11,'Λουκιανός','Γκιτσάκης','Male','1985-06-01'),(12,'Φιλομήλα','Πετράκη','Female','1994-10-02'),(13,'Βαλάντης','Τζαλλας','Male','1993-01-07'),(14,'Φρειδερίκος','Λεντζίου','Male','1985-09-27'),(15,'Πίνδαρος-Αμβρόσιος','Γεωργαλάς','Male','1994-04-24'),(16,'Ευστρατία-Μαλαματένια','Δαυίδ','Female','1979-08-18'),(17,'Μένανδρος','Πιτσολής','Male','1993-07-23'),(18,'Ευκλείδης','Μπίλλας','Male','1981-03-20'),(19,'Κωνσταντία','Γερούκη','Female','1992-05-08'),(20,'Προμηθέας','Γκιολδελής','Male','1970-08-01'),(21,'Ιοκάστη','Ραυτοπούλου','Female','2002-02-05'),(22,'Ταξίαρχος','Χαραλαμπίδης','Male','1964-04-15'),(23,'Παντελία','Παπαδημητροπούλου','Female','1995-03-10'),(24,'Αρχιμήδης','Παντζέκος','Male','1995-11-12'),(25,'Γιολάντα','Μπιμπίρη','Female','2003-09-24'),(26,'Θεόδωρος','Σπάλας','Male','1972-09-19'),(27,'Μηλιά','Τζιρατούδη','Female','1990-03-20'),(28,'Κυριαζής-Μηνάς','Μωρός','Male','2003-12-22'),(29,'Νεοκλής','Ζώνιος','Male','1977-06-22'),(30,'Χρίστος-Ραχήλ','Ιωσηφίδης','Male','1997-04-25'),(31,'Βασιλεία','Τσιωλξ','Female','1997-06-25'),(32,'Αγνή','Παπαστεργίου','Female','2002-11-30'),(33,'Παναγιώτα','Αραπίδου','Female','1991-06-18'),(34,'Φαίδρα','Σαπρίκη','Female','1990-09-29'),(35,'Καλλίνικη','Κακοτρίχη','Female','1991-09-28'),(36,'Βελισσάριος','Σιώρης','Male','1990-12-13'),(37,'Ορέστης','Λιθοξοΐδης','Male','1996-05-20'),(38,'Αβραάμ','Καρανασίου','Male','1997-02-13'),(39,'Αντωνία','Ροδίτου','Female','1963-01-31'),(40,'Έξαρχος','Μωρός','Male','1969-08-10'),(41,'Αλεξάνδρα','Πουλή','Female','1964-07-09'),(42,'Ανάργυρος','Τσούμος','Male','1998-06-13'),(43,'Τηλέμαχος','Λουράντος','Male','1970-09-02'),(44,'Σουλτάνα-Βερονίκη','Παπασταύρου','Female','1977-09-12'),(45,'Αρέθα','Αραπάκη','Female','1979-01-08'),(46,'Ακρίτας','Ευαγγελάτος','Male','1978-07-29'),(47,'Δροσιά','Πολατίδου','Female','1991-06-08'),(48,'Κομνηνή','Σγουρένα','Female','1984-03-22'),(49,'Αναστασία','Καλδή','Female','1965-02-23'),(50,'Ελεονόρα','Βαγενά','Female','1989-11-29'),(51,'Ευάγγελος','Κοντογιάννης','Male','1995-04-24'),(52,'Αντύπας','Σκαρπέτας','Male','1994-08-28'),(53,'Σώζων','Τσιάκος','Male','1978-02-10'),(54,'Καλυψώ','Ναούμ','Female','1994-02-21'),(55,'Ζήνων','Μαντζουράνης','Male','1980-05-28'),(56,'Δημήτριος','Παπαγιαννακόπουλος','Male','1986-04-02'),(57,'Μαγδαληνή','Τζαναβάρα','Female','1979-09-23'),(58,'Θεοδούλη-Γκόλφω','Τσαμπούρη','Female','1963-07-19'),(59,'Παντελεήμων','Πορίχης','Male','2002-12-13'),(60,'Ιερεμίας-Νεκτάριος','Τοδώρης','Male','1968-08-03'),(61,'Πολυξένη','Ασουχίδου','Female','1979-01-17'),(62,'Καλλίνικος','Σταθάτος','Male','1969-06-08'),(63,'Πλάτων','Σδραλλής','Male','1967-09-09'),(64,'Ευαγγελία-Έλλη','Μπραέσα','Female','1993-01-21'),(65,'Ισαβέλλα','Ζαρζάνη','Female','1975-06-26'),(66,'Φιλήμων','Πίππας','Male','1984-08-24'),(67,'Πολύβια','Παπανδρικοπούλου','Female','1967-08-09'),(68,'Ζαχαρίας-Δωρόθεος','Τσανδήλας','Male','1995-05-20'),(69,'Ισαβέλλα','Κοφινάκη','Female','1978-06-28'),(70,'Πίνδαρος-Ζαφείρης','Πίππας','Male','1994-04-16'),(71,'Ήλια','Κοκκινίδου','Female','1979-01-05'),(72,'Σαλώμη-Αικατερίνη','Τσουκιά','Female','1973-05-01'),(73,'Μάρθα','Μπαλή','Female','1997-07-27'),(74,'Ρωξάνη','Σεβαστού','Female','1972-12-26'),(75,'Δημοσθένης','Φουτσιτζής','Male','1980-01-07'),(76,'Κωνσταντίνος','Κουρσάρης','Male','1981-09-15'),(77,'Κωνσταντίνος','Κορμπόπουλος','Male','1985-08-05'),(78,'Βερόνικα','Γερούκη','Female','1969-04-24'),(79,'Ισαβέλλα','Πολίτου','Female','1979-06-21'),(80,'Ισαβέλλα','Λεπίδα','Female','2003-06-20'),(81,'Πουλχερία','Κωνσταντοπούλου','Female','1989-04-07'),(82,'Απόστολος','Αλεξανδρόπουλος','Male','1991-08-21'),(83,'Τηλέμαχος-Τζανέτος','Νικολόπουλος','Male','1970-01-28'),(84,'Ιωσήφ','Σαρίκας','Male','1990-01-24'),(85,'Γκόλφω','Καρκαλέτση','Female','1967-12-07'),(86,'Δράκων','Χαραλάμπους','Male','1998-11-03'),(87,'Σεραφείμ','Συρρής','Male','1983-07-11'),(88,'Αγόρω-Βέρα','Τομπουλίδου','Female','1995-03-14'),(89,'Πολύδωρος','Συρρής','Male','1966-10-02'),(90,'Αθανασία','Παλαιολογοπούλου','Female','1964-09-16'),(91,'Μερκούριος','Μοσχόπουλος','Male','1966-03-20'),(92,'Ρέα-Κυράτσα','Φιδάνη','Female','1989-10-24'),(93,'Φωτεινή','Παπανδρικοπούλου','Female','2003-12-13'),(94,'Στυλιανή','Γκόβα','Female','1988-12-05'),(95,'Πολύμνια','Κακοτρίχη','Female','1995-01-14'),(96,'Αρέθα','Στρατογιάννη','Female','1984-02-11'),(97,'Αικατερίνη','Καλλιάνταση','Female','1997-02-07'),(98,'Αστέρω','Συνοδινού','Female','2001-04-18'),(99,'Γιάννης','Δουκάς','Male','1975-07-27'),(100,'Νεκτάριος','Ριζούλης','Male','1978-01-27');
/*!40000 ALTER TABLE `Researcher` ENABLE KEYS */;
UNLOCK TABLES;

--
-- Dumping data for table `Review`
--

LOCK TABLES `Review` WRITE;
/*!40000 ALTER TABLE `Review` DISABLE KEYS */;
INSERT INTO `Review` VALUES (96,1,91,'2022-05-30'),(7,2,82,'2021-06-05'),(43,3,93,'2020-08-25'),(23,4,55,'2020-10-04'),(28,5,83,'2020-07-24'),(91,6,60,'2020-11-11'),(39,7,96,'2021-11-06'),(45,8,86,'2021-01-07'),(64,9,76,'2022-02-09'),(22,10,62,'2019-09-23'),(64,11,49,'2021-06-21'),(74,12,84,'2020-11-22'),(94,13,43,'2021-05-15'),(61,14,86,'2022-03-18'),(97,15,84,'2022-10-28'),(24,16,49,'2020-05-13'),(33,17,85,'2021-05-09'),(59,18,55,'2020-01-25'),(42,19,61,'2021-11-04'),(90,20,59,'2019-10-25'),(6,21,50,'2020-06-08'),(95,22,71,'2020-01-09'),(5,23,68,'2019-06-21'),(55,24,41,'2020-11-29'),(5,25,41,'2020-05-08'),(21,26,42,'2021-05-18'),(96,27,62,'2019-07-18'),(25,28,86,'2023-03-22'),(60,29,85,'2021-07-20'),(44,30,73,'2020-10-04'),(50,31,50,'2021-02-22'),(5,32,76,'2020-10-06'),(44,33,57,'2019-06-28'),(36,34,48,'2021-05-12'),(98,35,58,'2020-08-14'),(87,36,77,'2021-01-13'),(96,37,85,'2019-11-23'),(55,38,50,'2020-06-17'),(28,39,61,'2020-09-18'),(50,40,80,'2020-01-09'),(97,41,93,'2020-07-24'),(79,42,94,'2021-07-14'),(99,43,51,'2021-08-23'),(89,44,41,'2021-01-17'),(61,45,80,'2021-02-12'),(68,46,49,'2020-06-11'),(2,47,66,'2020-10-15'),(64,48,43,'2021-05-05'),(92,49,40,'2020-04-25'),(92,50,50,'2020-09-21'),(73,51,95,'2021-05-24'),(98,52,97,'2021-01-07'),(5,53,76,'2020-09-19'),(71,54,45,'2020-11-08'),(77,55,52,'2021-04-16'),(12,56,97,'2019-09-14'),(44,57,83,'2020-08-31'),(96,58,85,'2020-11-25'),(43,59,93,'2021-03-25'),(7,60,79,'2021-10-22'),(36,61,77,'2021-11-14'),(82,62,73,'2021-06-01'),(14,63,78,'2021-10-14'),(56,64,48,'2020-11-04'),(72,65,74,'2021-03-12'),(16,66,53,'2019-09-08'),(32,67,88,'2021-02-03'),(81,68,68,'2020-07-18'),(4,69,51,'2021-08-22'),(35,70,59,'2020-10-15'),(72,71,56,'2022-04-08'),(79,72,71,'2020-12-14'),(59,73,81,'2020-10-28'),(15,74,58,'2021-08-16'),(25,75,96,'2022-10-10'),(70,76,50,'2021-04-06'),(72,77,73,'2021-03-24'),(9,78,49,'2022-02-21'),(72,79,60,'2021-09-09'),(62,80,75,'2019-09-25'),(4,81,92,'2020-10-07'),(61,82,90,'2021-02-16'),(40,83,96,'2020-07-10'),(33,84,41,'2020-04-05'),(12,85,49,'2021-07-28'),(17,86,44,'2022-08-17'),(44,87,98,'2020-08-16'),(87,88,73,'2019-12-07'),(53,89,49,'2021-05-27'),(18,90,75,'2019-07-14'),(100,91,41,'2020-06-14'),(90,92,77,'2022-05-09'),(46,93,91,'2021-01-25'),(39,94,58,'2021-06-04'),(56,95,49,'2021-04-21'),(42,96,88,'2021-02-01'),(44,97,53,'2021-02-02'),(84,98,53,'2020-06-23'),(62,99,68,'2019-10-20'),(48,100,49,'2020-05-28'),(43,101,92,'2022-02-07'),(67,102,92,'2021-09-01'),(22,103,93,'2021-08-25'),(41,104,54,'2020-08-14'),(34,105,45,'2020-09-28'),(8,106,67,'2020-04-08'),(34,107,85,'2020-06-04'),(67,108,99,'2020-06-16'),(39,109,60,'2022-12-05'),(44,110,58,'2020-11-08'),(58,111,46,'2020-12-24'),(92,112,67,'2020-12-24'),(96,113,69,'2020-12-03'),(18,114,97,'2022-02-11'),(99,115,76,'2021-09-12'),(8,116,71,'2022-08-20'),(9,117,76,'2021-08-23'),(24,118,54,'2020-12-26'),(17,119,99,'2020-02-23'),(59,120,78,'2020-09-28'),(14,121,78,'2021-12-08'),(4,122,97,'2020-11-10'),(44,123,85,'2020-10-08'),(18,124,100,'2021-01-21'),(53,125,89,'2020-05-26'),(65,126,85,'2022-09-04'),(92,127,95,'2022-08-26'),(44,128,74,'2021-02-21'),(68,129,73,'2023-03-26'),(49,130,86,'2020-02-03'),(25,131,93,'2019-07-12'),(69,132,52,'2020-07-21'),(18,133,95,'2022-06-10'),(8,134,85,'2021-09-26'),(97,135,52,'2019-10-15'),(93,136,62,'2021-07-03'),(76,137,96,'2019-06-17'),(79,138,82,'2022-01-10'),(73,139,84,'2020-07-08'),(27,140,57,'2021-03-06'),(83,141,69,'2022-10-22'),(93,142,82,'2021-01-08'),(16,143,61,'2021-02-09'),(4,144,83,'2021-10-15'),(5,145,69,'2022-02-18'),(71,146,53,'2020-09-15'),(37,147,95,'2019-12-23'),(100,148,64,'2021-04-10'),(18,149,89,'2021-12-08'),(26,150,64,'2021-12-30'),(61,151,68,'2020-07-28'),(51,152,78,'2022-01-28'),(70,153,73,'2021-07-09'),(35,154,42,'2021-07-05'),(70,155,68,'2020-01-03'),(14,156,61,'2021-06-22'),(59,157,84,'2019-11-28'),(81,158,67,'2021-04-20'),(51,159,83,'2022-08-04'),(44,160,56,'2021-01-26');
/*!40000 ALTER TABLE `Review` ENABLE KEYS */;
UNLOCK TABLES;

--
-- Dumping data for table `Stelexos`
--

LOCK TABLES `Stelexos` WRITE;
/*!40000 ALTER TABLE `Stelexos` DISABLE KEYS */;
INSERT INTO `Stelexos` VALUES (1,'Ρήγας','Κωνσταντινίδης','Male','1999-03-24'),(2,'Λεωνιδιά','Μποζίκη','Female','1972-07-16'),(3,'Σοφοκλής','Λεβέντης','Male','1995-04-16'),(4,'Λάζαρος','Ψυλλάκης','Male','1980-02-26'),(5,'Γιάννης-Γαληνός','Ρόδης','Male','1970-06-23'),(6,'Φραντζέσκα','Κανελλοπούλου','Female','1991-01-06'),(7,'Ρούσα','Ντζιαβίδα','Female','1996-11-23'),(8,'Νίκη','Σπυριδάκη','Female','1975-10-29'),(9,'Εμμανουήλ','Παπαθανασίου','Male','1988-02-26'),(10,'Γλυκερία','Δρακουλή','Female','1999-07-07'),(11,'Αταλάντη','Ρόγγα','Female','1977-10-21'),(12,'Θεόπιστος','Μουτουσίδης','Male','1977-06-16'),(13,'Πλάτων','Βαρδάκης','Male','1964-03-12'),(14,'Αγαθοκλής','Κριτσέλης','Male','1964-04-19'),(15,'Αγόρω','Παπανικολάου','Female','1994-08-24'),(16,'Θεόδουλος','Μπότης','Male','1975-07-18'),(17,'Μελέτια','Καραγρηγορίου','Female','1996-07-06'),(18,'Αστέρω','Καρανασίου','Female','1968-05-29'),(19,'Εριφύλη','Κοφινάκη','Female','1963-09-08'),(20,'Νικηφόρος','Κυριατσούλης','Male','1962-12-05'),(21,'Ήλια','Τραγούστη','Female','1994-08-25'),(22,'Φωκάς','Τσαγλιώτης','Male','1981-12-05'),(23,'Αγγελής','Καμπερίδης','Male','1986-11-22'),(24,'Μηλιά','Γεωργιάδου','Female','1988-03-11'),(25,'Ευμορφία','Κιορίδου','Female','1976-04-28'),(26,'Βησσαρίων','Μαρκόπουλος','Male','1984-11-29'),(27,'Βάιος','Χρυσικός','Male','1971-06-22'),(28,'Ξανθή','Κίτσου','Female','1999-05-01'),(29,'Ανδρομέδα','Θασίτου','Female','1968-12-14'),(30,'Βικέντια-Σουλτάνα','Γεωργιάδου','Female','1970-04-01'),(31,'Πολύδωρα','Ρόγγα','Female','1972-12-03'),(32,'Ζηναϊς','Μπλιατσίου','Female','1994-07-25'),(33,'Αναστάσιος','Ματσούκας','Male','1978-12-20'),(34,'Θεοδότη','Καραθανάση','Female','2003-03-31'),(35,'Βαρσαμία-Λυδία','Πέττα','Female','1989-11-28'),(36,'Νίκανδρος','Ανδρουλάκης','Male','1964-11-26'),(37,'Χάρη-Ζηναϊς','Μπαλαμπάνη','Female','1970-09-08'),(38,'Αμβρόσιος-Μένανδρος','Ιωσηφίδης','Male','1977-03-19'),(39,'Αλεξία','Δαμαλά','Female','2002-11-02'),(40,'Αυγή','Συνοδινού','Female','1993-04-28'),(41,'Φωτεινός','Σακελλαρίου','Male','1997-01-02'),(42,'Λαυρέντιος','Μποτώνης','Male','1969-03-13'),(43,'Πολυχρόνιος-Αχιλλέας','Ανδρικόπουλος','Male','1979-07-06'),(44,'Ορφέας','Κυριατσούλης','Male','1963-04-13'),(45,'Ορέστης','Τσιρώνης','Male','1994-12-30'),(46,'Δαμιανός','Ακριτίδης','Male','1994-04-17'),(47,'Καλλιρρόη','Καλαθά','Female','1976-06-15'),(48,'Απόστολος','Τριαντακωνσταντής','Male','1973-03-11'),(49,'Βησσαρίων','Λυμπέρης','Male','1982-12-10'),(50,'Βιργινία-Κλειώ','Γραμμένου','Female','1979-10-11'),(51,'Αθηνόδωρος','Μουσελίμης','Male','1972-08-13'),(52,'Ιωακείμ','Κουρσάρης','Male','1973-10-31'),(53,'Βικέντια-Υπαπαντή','Σπανοχριστοδούλου','Female','1985-04-02'),(54,'Ιουλία-Φλωρεντία','Σκυλογιάννη','Female','1973-07-11'),(55,'Θεόφιλος','Γρατσιάς','Male','1971-01-18'),(56,'Ιγνατία-Ρόζα','Ταφραλή','Female','1994-12-03'),(57,'Καλυψώ','Κοκκίνου','Female','1964-06-23'),(58,'Τριαντάφυλλη','Αναστασίου','Female','1985-04-13'),(59,'Κωνσταντία','Χατζή','Female','1997-05-29'),(60,'Φρίξος','Μελιτσόπουλος','Male','2003-10-31'),(61,'Παρέσσα','Μαργαριτάκη','Female','1965-01-07'),(62,'Θεοχάρης','Χαρισιάδης','Male','1975-12-06'),(63,'Μάριος','Σιτόπουλος','Male','1996-11-10'),(64,'Ανδροκλής','Ρόγαρης','Male','1976-07-14'),(65,'Πολυτίμη','Φιλιάγκου','Female','2000-06-30'),(66,'Θεόδωρος','Τζιώτζης','Male','1976-07-05'),(67,'Αρχέλαος','Γούσιος','Male','2000-02-01'),(68,'Κοσμάς','Κορομήλας','Male','1984-08-31'),(69,'Λυκούργος','Σύκας','Male','1967-10-13'),(70,'Μυρτώ-Ηλιάνα','Ματεντσίδου','Female','1972-07-14'),(71,'Προμηθέας','Μητρίδης','Male','1997-07-15'),(72,'Ισαβέλλα','Τάτση','Female','1999-01-27'),(73,'Λαοκράτης','Μακρυγιάννης','Male','1999-08-20'),(74,'Κάρολος','Ψυχιάς','Male','1987-04-22'),(75,'Ανθούλα','Χριστογιάννη','Female','1988-04-15'),(76,'Αυγουστίνα','Σιδηροπούλου','Female','1978-01-09'),(77,'Ευτέρπη','Στρατογιάννη','Female','1974-11-08'),(78,'Τριαντάφυλλος','Καλιάμπος','Male','1999-03-10'),(79,'Λυκούργος','Ζενεμπίσης','Male','1996-01-22'),(80,'Τιμόθεος','Αγγελής','Male','1975-12-20'),(81,'Θεοχάρης-Θεοτόκης','Βαρδάκης','Male','1966-12-11'),(82,'Ισαβέλλα','Πανοπούλου','Female','1963-09-03'),(83,'Τιμόθεος-Πλούταρχος','Σάτλας','Male','1964-05-22'),(84,'Μεταξία','Μπρούζου','Female','2003-08-31'),(85,'Ιωάννα-Μελέτια','Σελινοπούλου','Female','1996-09-28'),(86,'Κομνηνός-Ανθούλης','Έψιμος','Male','1990-06-09'),(87,'Ιγνατία','Αγγελάκη','Female','1970-03-02'),(88,'Κλεόβουλος','Σίδερης','Male','1999-10-15'),(89,'Λητώ','Δημοπούλου','Female','1963-08-18'),(90,'Φιλιππία','Αθανασιάδου','Female','1989-03-02'),(91,'Κοκκώνα','Κουτσονίκα','Female','1982-05-06'),(92,'Ξενοφών','Κούρτης','Male','1983-02-20'),(93,'Ακρίτας','Μαστρογιώργης','Male','1994-09-20'),(94,'Κερασιά','Καλαμάρα','Female','1974-09-06'),(95,'Ζαμπία','Γαλανάκη','Female','2000-01-09'),(96,'Ηλίας','Χατζιάρας','Male','1995-04-27'),(97,'Τηλέμαχος','Κυριακάκης','Male','1999-08-22'),(98,'Πραξιτέλης','Κορδατζής','Male','1972-03-03'),(99,'Χάρη','Μαρουγιάννη','Female','1980-01-07'),(100,'Πιερρίνα','Νικολάτου','Female','2004-01-06');
/*!40000 ALTER TABLE `Stelexos` ENABLE KEYS */;
UNLOCK TABLES;

--
-- Dumping data for table `Telephone`
--

LOCK TABLES `Telephone` WRITE;
/*!40000 ALTER TABLE `Telephone` DISABLE KEYS */;
INSERT INTO `Telephone` VALUES ('2100547453',1),('2408032040',1),('6999796141',1),('2570100262',2),('2647036123',2),('6965706723',2),('2100058230',3),('2356765197',3),('6975922662',3),('2137613131',4),('2907032093',5),('2952628353',6),('2106966440',7),('2365011612',7),('6920148649',7),('6959924469',7),('2350725346',8),('2911508085',8),('6949200186',8),('6987047596',8),('2110797455',9),('2601040848',9),('2300955894',10),('2447622672',10),('6905147305',10),('2109295167',11),('6983551199',11),('6970565437',12),('2560292100',13),('2780764438',14),('2100745513',15),('6921816935',15),('6964592542',15),('6993151548',15),('2160515880',16),('2910832436',16),('2496042835',17),('6920808034',17),('2104829177',18),('6995801361',18),('2516785553',19),('6956345025',19),('2105210457',20),('6904965705',20),('6931340347',20),('2626878062',21),('2085310491',22),('2788019044',22),('2106529903',23),('6900578660',24),('6967244185',24),('2030070898',25),('6957700355',25),('6927905294',26),('2816094924',27),('6939211313',27),('2423028668',28),('6925686613',28),('6964652860',28),('2103069082',29),('6985908544',29),('6945806355',30);
/*!40000 ALTER TABLE `Telephone` ENABLE KEYS */;
UNLOCK TABLES;

--
-- Dumping data for table `University`
--

LOCK TABLES `University` WRITE;
/*!40000 ALTER TABLE `University` DISABLE KEYS */;
INSERT INTO `University` VALUES (1,10000.00);
/*!40000 ALTER TABLE `University` ENABLE KEYS */;
UNLOCK TABLES;

--
-- Dumping data for table `WorksForErgo`
--

LOCK TABLES `WorksForErgo` WRITE;
/*!40000 ALTER TABLE `WorksForErgo` DISABLE KEYS */;
INSERT INTO `WorksForErgo` VALUES (1,5),(1,15),(1,49),(1,72),(1,93),(2,4),(2,21),(2,47),(2,56),(2,79),(2,91),(3,21),(3,33),(3,39),(3,71),(4,43),(4,63),(4,70),(5,46),(6,100),(7,83),(8,21),(8,28),(8,39),(8,46),(8,64),(8,79),(8,81),(9,35),(9,50),(9,92),(9,94),(10,16),(10,57),(11,15),(11,26),(11,33),(11,34),(11,52),(11,54),(11,81),(11,86),(12,3),(12,52),(12,63),(13,4),(13,35),(13,57),(13,85),(14,4),(14,10),(14,16),(14,19),(14,25),(14,81),(14,99),(15,5),(15,11),(15,38),(15,65),(15,66),(15,70),(15,75),(15,93),(15,99),(16,19),(16,50),(16,78),(16,96),(17,53),(17,64),(18,68),(19,78),(20,22),(20,49),(21,35),(21,53),(22,17),(22,32),(22,35),(22,62),(22,91),(22,93),(23,13),(23,57),(25,28),(25,34),(25,46),(25,64),(25,81),(25,92),(25,97),(25,98),(27,9),(27,20),(27,30),(27,42),(27,65),(27,78),(28,51),(28,71),(29,24),(29,38),(29,79),(29,93),(31,16),(31,52),(32,2),(32,11),(32,19),(32,41),(32,42),(32,76),(33,4),(33,28),(33,69),(33,75),(34,15),(34,22),(34,23),(34,24),(34,52),(34,59),(34,74),(34,87),(34,88),(36,2),(36,5),(36,13),(36,26),(36,52),(36,53),(36,71),(36,78),(36,96),(37,24),(37,32),(37,66),(37,78),(37,95),(37,98),(38,9),(38,38),(38,65),(38,76),(38,88),(40,34),(40,75),(40,86),(41,32),(41,36),(41,38),(41,47),(41,49),(41,77),(42,6),(42,69),(42,76),(43,10),(43,12),(43,42),(43,44),(43,60),(43,83),(43,89),(43,90),(44,40),(45,9),(45,16),(45,35),(45,54),(45,57),(45,58),(45,68),(45,69),(45,97),(47,20),(47,76),(47,83),(47,88),(48,75),(49,31),(49,46),(49,64),(49,75),(50,70),(51,39),(51,41),(51,52),(51,63),(51,90),(53,3),(53,32),(53,53),(53,72),(53,74),(53,79),(53,82),(53,84),(53,97),(54,75),(55,10),(55,43),(55,61),(55,70),(55,73),(55,89),(55,91),(55,98),(56,21),(56,33),(56,35),(56,56),(56,81),(56,100),(57,26),(57,32),(57,70),(57,79),(57,98),(58,8),(58,21),(58,30),(58,65),(58,93),(59,20),(59,48),(59,55),(59,85),(59,86),(61,9),(61,15),(61,19),(61,42),(61,52),(61,62),(61,83),(61,84),(61,98),(64,7),(64,22),(64,33),(64,48),(64,55),(64,64),(64,78),(64,82),(65,14),(66,2),(66,29),(66,36),(66,38),(66,44),(66,66),(66,71),(66,72),(66,80),(67,35),(67,83),(68,15),(68,95),(69,6),(69,7),(69,9),(69,34),(69,52),(69,98),(70,71),(71,7),(71,8),(71,45),(71,46),(71,92),(72,57),(73,8),(73,22),(73,33),(73,48),(73,64),(73,67),(74,98),(75,61),(76,8),(76,58),(77,52),(77,65),(78,13),(78,20),(78,48),(78,57),(78,63),(78,68),(78,99),(80,32),(80,42),(80,97),(81,12),(81,17),(81,20),(81,51),(81,60),(82,3),(82,12),(82,18),(82,23),(82,56),(83,5),(83,9),(83,43),(83,47),(83,54),(83,62),(83,77),(83,80),(84,35),(84,51),(85,2),(85,11),(85,28),(85,29),(85,37),(85,44),(86,78),(86,88),(87,50),(87,58),(88,8),(89,12),(89,20),(89,34),(89,48),(89,71),(89,89),(89,92),(89,96),(89,99),(90,50),(90,58),(91,37),(91,43),(91,64),(91,85),(92,24),(92,67),(92,86),(92,89),(93,1),(93,33),(93,53),(93,62),(93,72),(93,87),(93,89),(94,4),(94,8),(94,48),(94,55),(94,94),(95,46),(95,65),(95,99),(96,58),(96,84),(96,98),(96,100),(97,3),(97,9),(97,21),(97,23),(97,29),(97,36),(97,64),(97,95),(98,12),(98,17),(98,28),(98,53),(98,59),(98,88),(98,98),(99,6),(99,12),(99,48),(99,51),(99,72),(99,85),(99,86),(101,7),(101,37),(101,66),(101,85),(102,21),(102,42),(102,90),(103,21),(103,54),(103,75),(103,79),(103,96),(104,13),(104,15),(104,17),(104,37),(104,42),(104,100),(105,24),(105,41),(105,63),(105,64),(105,74),(105,90),(105,93),(105,94),(106,49),(107,96),(108,1),(108,46),(108,71),(109,23),(109,38),(109,44),(109,66),(109,69),(109,88),(109,91),(109,98),(110,21),(110,28),(110,73),(110,81),(110,93),(110,94),(111,14),(111,30),(111,39),(111,43),(111,49),(111,54),(111,84),(112,19),(112,39),(112,72),(112,90),(113,56),(113,66),(113,72),(113,99),(114,14),(114,19),(114,26),(114,39),(115,15),(115,82),(119,28),(119,44),(119,52),(119,63),(119,66),(119,74),(119,86),(120,23),(120,34),(120,47),(120,48),(120,53),(120,70),(120,94),(121,7),(121,27),(121,78),(121,88),(122,5),(122,42),(122,63),(122,78),(122,86),(122,98),(123,11),(123,13),(123,16),(123,29),(126,8),(126,53),(126,59),(126,80),(126,86),(126,96),(127,9),(127,13),(127,18),(127,30),(127,44),(127,47),(127,58),(127,77),(127,80),(128,4),(128,25),(128,37),(128,41),(128,51),(128,79),(129,31),(129,48),(129,50),(129,100),(131,7),(131,16),(131,20),(131,24),(131,41),(131,46),(131,69),(131,77),(132,28),(132,32),(132,54),(132,58),(132,61),(132,94),(133,6),(133,44),(133,45),(133,55),(133,75),(133,94),(133,99),(134,37),(134,48),(134,53),(134,70),(135,20),(135,23),(135,54),(135,73),(135,75),(136,2),(136,35),(136,84),(136,94),(137,48),(138,2),(138,24),(138,26),(138,42),(138,52),(138,63),(138,64),(138,68),(139,5),(139,16),(139,30),(139,41),(139,46),(139,56),(139,82),(140,28),(140,36),(140,44),(140,56),(141,10),(141,14),(141,19),(141,61),(141,66),(141,70),(141,84),(141,88),(141,94),(142,10),(143,9),(143,24),(143,42),(143,47),(143,53),(143,60),(143,71),(143,75),(143,78),(144,1),(144,11),(144,21),(144,50),(144,70),(145,40),(147,42),(148,16),(148,23),(148,31),(148,35),(148,38),(148,47),(148,58),(148,59),(149,24),(149,82),(151,30),(151,40),(151,72),(151,75),(151,77),(151,80),(151,82),(151,91),(152,5),(152,20),(152,80),(153,4),(153,12),(153,18),(153,56),(153,82),(153,90),(154,84),(155,64),(156,23),(156,41),(156,75),(156,94),(157,1),(157,12),(157,27),(157,32),(157,69),(157,82),(157,97),(158,12),(158,51),(158,54),(158,60),(158,69),(158,88),(159,11),(159,29),(159,35),(159,72),(159,79),(159,93),(160,6),(160,24),(160,65),(160,74),(160,96);
/*!40000 ALTER TABLE `WorksForErgo` ENABLE KEYS */;
UNLOCK TABLES;

--
-- Dumping data for table `WorksForOrganization`
--

LOCK TABLES `WorksForOrganization` WRITE;
/*!40000 ALTER TABLE `WorksForOrganization` DISABLE KEYS */;
INSERT INTO `WorksForOrganization` VALUES (23,1,'2019-05-04'),(27,2,'2018-12-22'),(18,3,'2021-02-23'),(8,4,'2018-12-02'),(1,5,'2018-06-15'),(9,6,'2018-07-30'),(7,7,'2019-06-23'),(8,8,'2019-10-24'),(3,9,'2018-11-25'),(24,10,'2020-12-16'),(24,11,'2019-05-11'),(21,12,'2021-01-27'),(2,13,'2021-03-30'),(26,14,'2021-02-01'),(16,15,'2019-03-27'),(2,16,'2021-03-21'),(3,17,'2020-04-18'),(10,18,'2019-02-12'),(23,19,'2021-03-27'),(17,20,'2019-06-23'),(14,21,'2019-11-24'),(1,22,'2020-02-15'),(7,23,'2019-04-12'),(24,24,'2019-02-03'),(24,25,'2021-01-27'),(9,26,'2018-07-29'),(5,27,'2020-03-03'),(8,28,'2021-02-16'),(21,29,'2018-12-05'),(19,30,'2019-12-18'),(21,31,'2020-02-19'),(13,32,'2018-10-16'),(1,33,'2021-02-26'),(4,34,'2020-02-27'),(18,35,'2020-11-27'),(15,36,'2020-09-10'),(8,37,'2018-10-25'),(28,38,'2019-06-30'),(5,39,'2019-05-01'),(13,40,'2018-07-01'),(23,41,'2021-05-22'),(17,42,'2018-09-10'),(30,43,'2020-12-22'),(7,44,'2018-09-07'),(24,45,'2018-09-16'),(24,46,'2021-01-31'),(10,47,'2019-07-11'),(17,48,'2019-08-04'),(16,49,'2019-02-19'),(25,50,'2020-02-29'),(2,51,'2020-02-04'),(27,52,'2020-03-06'),(8,53,'2020-02-10'),(3,54,'2019-09-08'),(6,55,'2021-04-26'),(29,56,'2019-01-27'),(26,57,'2018-10-27'),(3,58,'2020-03-07'),(24,59,'2019-04-17'),(6,60,'2021-04-02'),(4,61,'2019-07-15'),(6,62,'2019-10-11'),(10,63,'2021-01-06'),(5,64,'2019-03-24'),(13,65,'2018-07-25'),(17,66,'2019-09-23'),(7,67,'2018-11-01'),(22,68,'2019-01-16'),(18,69,'2019-07-22'),(6,70,'2018-07-08'),(24,71,'2021-02-03'),(13,72,'2019-10-28'),(30,73,'2020-05-21'),(28,74,'2019-04-02'),(26,75,'2019-09-01'),(19,76,'2018-09-06'),(29,77,'2020-02-09'),(25,78,'2019-05-18'),(23,79,'2019-05-29'),(25,80,'2019-03-31'),(23,81,'2019-08-06'),(21,82,'2020-10-16'),(26,83,'2018-11-14'),(14,84,'2018-08-23'),(25,85,'2019-09-24'),(4,86,'2020-02-14'),(23,87,'2018-07-02'),(17,88,'2021-02-28'),(12,89,'2021-01-19'),(1,90,'2020-01-22'),(27,91,'2019-11-27'),(8,92,'2019-06-18'),(7,93,'2021-05-02'),(22,94,'2020-02-24'),(20,95,'2020-12-04'),(3,96,'2019-02-27'),(6,97,'2020-12-08'),(11,98,'2019-12-15'),(22,99,'2020-12-05'),(6,100,'2018-09-29');
/*!40000 ALTER TABLE `WorksForOrganization` ENABLE KEYS */;
UNLOCK TABLES;
/*!40103 SET TIME_ZONE=@OLD_TIME_ZONE */;

/*!40101 SET SQL_MODE=@OLD_SQL_MODE */;
/*!40014 SET FOREIGN_KEY_CHECKS=@OLD_FOREIGN_KEY_CHECKS */;
/*!40101 SET CHARACTER_SET_CLIENT=@OLD_CHARACTER_SET_CLIENT */;
/*!40101 SET CHARACTER_SET_RESULTS=@OLD_CHARACTER_SET_RESULTS */;
/*!40101 SET COLLATION_CONNECTION=@OLD_COLLATION_CONNECTION */;
/*!40111 SET SQL_NOTES=@OLD_SQL_NOTES */;

-- Dump completed on 2022-06-05 21:10:20
